name,comments,rating
"Batu Caves",71064,4.4
"Aquaria KLCC",37581,4.3
"Perdana Botanical Garden",26100,4.5
"National Mosque",25679,4.8
"Zoo Negara Malaysia",21588,4.1
"KL Bird Park",15282,4.4
"Masjid Sultan Salahuddin Abdul Aziz Shah",12432,4.8
"Plaza GM",8696,4.1
"Swiss-Garden Hotel Bukit Bintang Kuala Lumpur",7712,4.2
"Farm In The City",7488,4.3
"Royal Selangor Visitor Centre",5358,4.5
"National Botanic Gardens Shah Alam",4931,4.2
"MAEPS Serdang",4589,4.3
"National Art Gallery",4448,4.5
"Sultan Abdul Samad Building",2580,4.7
"Saujana Golf & Country Club",1080,4.3
"Malaysian Houses of Parliament",360,4.6
"Wat Meh Liew Thai Buddhist Temple",270,4.5
"Skytrex Adventure Shah Alam",260,4.3
"Seri Perdana Bridge",98,4.6
