name,comments,rating,place_id
"Batu Caves",71157,4.4,ChIJBahJiQxHzDER-Z5vs7Lrv_I
"Aquaria KLCC",37612,4.3,ChIJM5cxndM3zDER7WuP_cN-omg
"Perdana Botanical Garden",26109,4.5,ChIJEWkeL7ZJzDER38lq7GVsWyk
"National Mosque",25698,4.8,ChIJJX8hZM9JzDER-yYg0nIT468
"Zoo Negara Malaysia",21604,4.1,ChIJ4R-DCrY5zDERL3vbAscAyPI
"KL Bird Park",15290,4.4,ChIJu8zWwchJzDERhcsx4AhQ1oo
"Masjid Sultan Salahuddin Abdul Aziz Shah",12442,4.8,ChIJI2g2x35SzDERQrxACfDVnNU
"Plaza GM",8698,4.1,ChIJtVRanyRIzDERy5XhmJomDtw
"Swiss-Garden Hotel Bukit Bintang Kuala Lumpur",7722,4.2,ChIJ45QwVSY2zDERclDylVRcVsQ
"Farm In The City",7491,4.3,ChIJyfiFd7O1zTER97yuR6os4aQ
"Royal Selangor Visitor Centre",5361,4.5,ChIJ380v_Rs4zDERg-ayesQ7RaY
"National Botanic Gardens Shah Alam",4935,4.2,ChIJVVVVVRpSzDER6HL4kTQP1uI
"MAEPS Serdang",4594,4.3,ChIJC8XlJTdLzDER1lrOb5bezH4
"National Art Gallery",4450,4.5,ChIJn7ct6mxIzDERAfOvaaTX5DM
"Sultan Abdul Samad Building",2580,4.7,ChIJ_Y2Rm81JzDERKAawVfuGOd8
"Saujana Golf & Country Club",1082,4.3,ChIJ95t1pi1MzDERSkMoLupf4L8
"Malaysian Houses of Parliament",361,4.6,ChIJbYzBirRJzDER6sOW8QgA454
"Wat Meh Liew Thai Buddhist Temple",270,4.5,ChIJ82c8mRlIzDERzI11F-hu-ck
"Skytrex Adventure Shah Alam",260,4.3,ChIJd3wHjQZSzDERlE6gjtEiKQU
"Seri Perdana Bridge",99,4.6,ChIJMzEi4RO2zTERndqHFncbrOI
