place_name,search_count
"KL Bird Park",11
"Zoo Negara Malaysia",10
"3632, Jalan Pakis",9
"St. John's Cathedral",9
"Aquaria KLCC",8
"Royal Selangor Visitor Centre",8
"Perdana Botanical Garden",7
"Sultan Abdul Samad Building",6
"Batu Caves",6
"Plaza GM",6
"Saujana Golf & Country Club",6
"Masjid Sultan Salahuddin Abdul Aziz Shah",6
"Swiss-Garden Hotel Bukit Bintang Kuala Lumpur",5
"MAEPS Serdang",5
"National Mosque",5
"Farm In The City",4
"Seri Perdana Bridge",3
"Malaysian Houses of Parliament",2
"The Exchange TRX",2
"MyTOWN Shopping Centre",1
